well_id,conc_uM,pooled_vol,eblock,Vector,conc_nM,dilutions,dilution_step,volume_step,highest_conc_nM
1_A1,2.0,1.5,TGAGGCAGCTTTGCACTTGGCTGAGAGATTGTTGTCAATACTACGGTCTCAAGGAAGCGGCGGTATGGAAGAGGAAAAGAAGAAGGAGGAGCGTGAGAAGCGTTTAGAAGAGCTGGAGAAACGTCTGGAAGAACTGAGCAAATTAGATCCGGAAGCGGCGAAAGATATTGAAGAGTGGGGCAAAGAGAAAATCGAACTGTGGGGCGAAGAGGGCCTGGAAATGTATGAAGCCGCGCTGGATTTTATGGAGGAATTAGAAAAAGAAAAACAGGGCGGCAGCGGTTCCCGAGACCGTAATGC,LM0627,2000.0,4,5,37.5,2000
1_A3,2.0,0.8227387421058908,ATACTACGGTCTCAAGGAAGTGGCGGCAGCCTGGCCGAGGAGGTGCGTCGTCTGACGGAAGAAGCGGCCAAAAAAAGCCCGAAACTGGCGGATCTGTTTGAAGCCGCCGCGACCGTGGCGGTGAATGCGATTGAAGAAGGCGATCTGGAAGTTGCCGCCGATATTCTGGAATGGGCCGCGGAAGAGGCCGAAGATCAGCCGGAAAGCAAGGAGGCGGCCGAGATTCTGCGTGAGGCCGCCGAGAAAGTGCGTAAAGCGGCGGAGGAAGCCGCGGGTGGTAGTGGTTCCCGAGACCGTAATGC,LM0627,2000.0,4,5,37.5,2000
1_A4,2.0,1.5,ATACTACGGTCTCAAGGAAGTGGCGGTAGCAAAGTGGAAGAAGCCAAAAAAGAGCTGGAGAAACTGAAAAAGAAGGCGGAAAAAGCGCTGAAGGAAGGCGTTGAAGCGGTGAAGAAAGCGGCGGAAGAGTTCAAGGAGCTGTATGACAAATATGTGGAACTGGCCTACGAAGCGGAGACGTATGATGAACTGCAGGAGTACATCAAACTGGCGTATGAAGCCTGGGAAGAGAGCGAACGCTTAGAGAAAAAAGCCGAAGAAATGAAGAAGAAGGAGGAAGAGGAAGGTGGTAGCGGTTCCCGAGACCGTAATGC,LM0627,2000.0,4,5,37.5,2000
1_A5,2.0,1.5,ATACTACGGTCTCAAGGAAGCGGCGGTGAAGAACTGAAAAAGAAATTAGAAGAGGCGGAAAAGAAGCTGAAGGAAATCGGCAAGAAGGGCAGCTTTAGCATTCGTGCGCTGCTGGAAGAAGCCATCGAGGACATGAAAAAAGCGCTGGAGGATAAAGAAAAGGGCATTAAAGGCCTGAATGAACACATTGATGCGTTAAAGAGCCTGGGTGAGTTAGATCCGGAGAATAAACCGCTGTACGATGAGGCGATTAAGATCCTGGAGGAGTACCTGGAGAAAGTGAAAGAGGCCGGTGGCAGCGGTTCCCGAGACCGTAATGC,LM0627,2000.0,4,5,37.5,2000
1_A6,2.0,0.48123678696230715,ATACTACGGTCTCAAGGAAGCGGCGGTCTGGACCCGAAAGCGCGTGGCGAGGGCAGCTTAGCGGTGTATAAGGCGCGTAAAGCCGCCGGTGAGGCGGTGGCGAAAGCCGAGAAGGCCCTGAAAAAAGCCAAGGAAGGCACCGCGGAAGAAGCGAAAAAAGCGGCCAAAGAAGCCAAAAAGGCCGCGGAGAAAGCCCTGGCGGAAATTAAGAAAGAGGCGGAACGTGCCAAGAAGGCGGGTGATGAGGAGGCCGCCAAGGGTATCGAACGTCTGCGTGAAGCGACCAAGAAATACCTGGAGGAGAAGATCAAAGAGATCGAGGAAATCGCGAAGAAAAAGAAGAAGGAGGGCGGTAGCGGTTCCCGAGACCGTAATGC,LM0627,2000.0,4,5,37.5,2000
1_A7,2.0,1.4999999999999998,ATACTACGGTCTCAAGGAAGCGGCGGTATGCCAAAAGAAGAACGTAGCGAACTGAGTCTGCTGCTGTATCGTGCCCGTGAGAACATTAAGAAGGCCAAGGAAGCGCTGAAGAAAGCGGAAAAGGCGGCGAAGGAGATCAAAAAGAAAGATCCGGAAAAAGCGAAAAAAGCCGAAGAACTGGTGAAAAAGATTAAGGAGCTGCTGAAAAAACTGAAGGAGGAAGCCCTGAAAGCCGGTCGTGCGGCCGAGGAGGGTAATTTAGAAGAAGCCCGTCGTCATGCGGAAGAGGCCGAGAAGTACGCGAAAGAAGCGGAGGAATTAGCCAAAGAGCTGGAAAAGCTGGCGCAGGAACTGGGCGGCAGCGGTTCCCGAGACCGTAATGC,LM0627,2000.0,4,5,37.5,2000
1_A8,2.0,1.5,ATACTACGGTCTCAAGGAAGCGGTGGCGAAGAACTGCGTGAATTACGTCGTGAAGCGAGCGTGCTGCGTTATCGTGCGATTCGTCTGAGCGAAGAGAATGAAAAACGCATTGAGGAACTGATTAAACGTGCCAAGAAGTTAAAAAAGGAGAAGCCGGAGAAAAAGGAGGAATACGAAAAGATCATCGAGGAGCTGAAAAAGCTGAAGGAGGAGCTGAAAAAGATTAAGAAGGAAGCCCTGAAGAAGGTGCTGGAGGCGGAAAAACTGAGTCCGCTGGAACGCGCGAAAGCGAACCTGGAGATTTACAAGGAGTACGTGGAGAAGCTGAAGAAAATCAAGGAAGAGATCGAGAAACTGGAAAAGCGTCTGAAAGAGCTGGAAGGCGGCAGCGGTTCCCGAGACCGTAATGC,LM0627,2000.0,4,5,37.5,2000
1_A9,2.0,1.5,ATACTACGGTCTCAAGGAAGTGGCGGTGAAGAGGAAGAAATTGAACGTCGCGTTGAAGAAGCCGTGCGTCGTATTCTGGAGATTGTGAAAAAAGGCGTGGAAGAGGGCGAAGATGAACTGGATGTGCTGATGGAGGCGGCGACCGAAGCCGCGGAGCTGGCGGAAGAACTGGGTGTGGATATGTATGAAGCGATGACCATTGCGGTGGAAGGCGCGGAAAAAATGTTAGAAGCCCTGAAAGCGGGCGATGAAGAACGTGCGCGTGAAGCGGCGGAGGAATTACGTCGCCGTCTGCTGGAACTGGCCCGTGGCGGCAGCGGTTCCCGAGACCGTAATGC,LM0627,2000.0,4,5,37.5,2000
1_A10,2.0,1.5,ATACTACGGTCTCAAGGAAGTGGCGGCATGAAGGAGAAAGTGCTGGAAAAAATCGAAGAAGCGATCAAAAAGGCGGAAGATTTTACCCTGGCGAGCGCGTTAGCCGCGATTTACCTGGCCGCCAAGGAGGGCGATGAAGAAGTGATTAAACTGATTGAGAAAGCGGTGGAAGCCATTGAAAAAGGTGATTTAGAAAAGGCCATCAAGCTGCTGAAAGAGGCCAAAGAGAAGAGCAAAAATCCGATTGCGAAAGAGTATCTGGAAGTGGCGATCACCCTGCTGGAGGAGTATAAGAAAAAGAAGGAAAAGGGCGGTAGCGGTTCCCGAGACCGTAATGC,LM0627,2000.0,4,5,37.5,2000
1_A11,1.9999999999999996,0.26462367776804996,ATACTACGGTCTCAAGGAAGTGGTGGCAGCCCAGCCGCCCGTGCCGAAATCCGTGCGCTGGTTGATGAGGCGTTAGCCGCGCGTGATGATCCGGAACGTGTGCGTGAACTGGCCGAACGTCTGCATGATCTGTTAGTTGCCGCGGGCGTGGATGAATATGCGGCCGCCGCCTTAGCCCTGGGCATTAAAGAATTAGCGGTGCCGAGCCATCTGCCACTGGCCCGTGAATACGCGGAAATTGCGGAAGCGTTTGGCGACCCGGAAACCGCGGCGCTGTTACGTGAAGCGGTTGCCCGTGTGGAAGCGGCGGGTGGTAGTGGTTCCCGAGACCGTAATGC,LM0627,1999.9999999999995,4,5,37.5,2000
1_A12,2.0,1.5,ATACTACGGTCTCAAGGAAGCGGCGGTAGCGAGCTGTTAAAGCTGCTGGAACAGGTGGCGGAGAAATTCAAAAAGGAAGGCAATGAGTACAAGGCGGAATATGCGGAAATTGCGAAACTGTTTCTGGAAAAGGCGAAAGAGGAAGAGGATAAGGAACTGAAGCTGGATTACCTGGGTTATGCCGCGGCGGCCTTACATCGTATTACCCCGAATAAAGAACTGGCCGAAGAAGCGATGAAATTAGCCTTTGAGGGCGGTGATGAGGAGGAAGTGCTGAAACTGCTGAAGCAAGTGGTTGAAGAGATTCTGAAAGAAGGCGGCAGCGGTTCCCGAGACCGTAATGC,LM0627,2000.0,4,5,37.5,2000
1_B1,2.0,1.5,ATACTACGGTCTCAAGGAAGCGGTGGCAGCCTGGATGAAGAACTGCTGCGTGCGGCCCATGAAGCCGCCCGTCGTGTGGCCGAAAAAGTGAAAAAGCAAGTGAAGACCCCGCAGGAAAAAGATCAGGCGGAACAGGTGGAGGCGTATGCGGTGGTGGCGGAAAATGAAGAGGACCCGGAATGGGCGGCGGCCTATCTGGCCGGTGCCCTGCGCGAAGCCGGCCTGGAAGAAGAAGCGGCGCGTGTTGAGGCCGCGTTAGCGGCGGGCGACAAAGAAGCCCTGCTGGCGACGGTGCGTGAGATTCTGGAAAAACTGGGTGGTAGTGGTTCCCGAGACCGTAATGC,LM0627,2000.0,4,5,37.5,2000
1_B2,2.0,1.5,ATACTACGGTCTCAAGGAAGTGGCGGCAGTTTAGAAGAAAAACTGCTGCGTGCGGCGCATGAAGCGGCGAAACGTGTTGCGGAGAAAGTTAAGGCCAAGGTTAAAACCCCACAGGAAAAAGACCAGGCGGATCGTGTGGAAGCGTATGCGACCGTGGCGGAAAATGAAGAAGACCCGGAATGGGCGGTGGCGTACCTGGCCGGTGCCTTAAAAGAAGCGGGCCTGGAAGAGGAGGCGAAGGCCGTGGAGGAAGCGCTGAAGGCGGGTGATAAAGAAAAGCTGCTGGAAACCGTGGAAGAAATTCTGAAGAAACTGGGTGGCAGCGGTTCCCGAGACCGTAATGC,LM0627,2000.0,4,5,37.5,2000
1_B3,2.0000000000000004,1.5,ATACTACGGTCTCAAGGAAGTGGCGGCATGGAAACGGCGGAAGAGCTGCTGGAAATCAGCGAGATTTTTCTGGAGAAGGCGATCGAATATATCAAAAAAGGCGAACTGGAAGAGGCCAAAGATGAGATTCTGTGGGCGCTGAGCGCGGTGTATCTGGCGGCGAAAGAGAAGGGCAACATGGAGGAAGGCAAAAAGAAGATGGAGGAGATCCTGAAACGCGTGATCGAGGCGGCCAAGGAAGCGGGCCTGAGCGAAGAAGAGATTAAGGAGCTGCGCGAGTTTATGGAAAAGGAAATGGAAAAACTGCTGAAGGAAGGTGGCAGCGGTTCCCGAGACCGTAATGC,LM0627,2000.0000000000005,4,5,37.5,2000
1_B4,2.0,1.5,ATACTACGGTCTCAAGGAAGCGGTGGCGATGAGTTTGAACGTCTGTTAGAACTGCTGATGGAGAAACTGCGTAAGGCGGTGGAAAAAGCCGGCCTGGACGCGGAAACGATTACCGAAGTGGCGCGTGAAATGGCGGAAAAGGAGAAAGATGATCTGGAGCTGGCCCTGGAACAAGCGCTGGTTGCCGCGAGCCTGATGGCCGGTCTGAAAACCGAAGATACCAAAAAGATTCTGGATATTGCGCGCGAGTATATCGAAAAGGGCGACTATGAGAAAGCGATCGAGGAGGCGGTTAAAGCGTTAGAAGAAGCCTTAAAAGGTGGCAGCGGTTCCCGAGACCGTAATGC,LM0627,2000.0,4,5,37.5,2000
1_B5,2.0,1.5,ATACTACGGTCTCAAGGAAGCGGCGGTGAAACCAAAGAAAAGGCGCTGGAACTGGTGGAAAAAGGCCTGGAGTACGCCAAAAAAGCGTTAGAGGCCGCGAAAGCGGGCAAGAAAGAAGAAGCGGAAAAGTATTTATGGGAAGCCGCGTATTATCTGACCGAAGCGGCGAATCTGAGCAAAGAACACTATCTGGAGCTGAAAGAACTGGGCTTCAAAGCGATTGATATTCTGAGCGAAGGCATTGAGGATAAAAGCAAAATCGAAGAGGCGGAGAAAGAGATCGAGGAGATCTTCAAGGAGATGAAAAAACTGATTAAAGAAGGTGGTAGCGGTTCCCGAGACCGTAATGC,LM0627,2000.0,4,5,37.5,2000
1_B6,2.0,1.5,ATACTACGGTCTCAAGGAAGCGGCGGTATGAGCCCAGAAGATAAAAAGAAAGTGCGCGAAGAACTGAAGAAAGCGGGCATCCCGGAAGATATTACCGATTTTGCGATCGATATTGCGGATGCGGAAGGCCTGAATTATGAAGAAGCGGTGAATCTGGCGAAAAGCATGGCGGCGGCCGAAAAAGGTGATCTGGAAAAAGCGGCGTATTATGCGGCGAAAGTTCCGAAACTGCGTGAATATGCGATTGCGTTTGCGAGCCTGATGAGCGGCAAAAGCGTGGAAGAAATCGAGAAACTGGTGGAGAAAGAAGAAGAGAAGTTAAAAGGCGGCAGCGGTTCCCGAGACCGTAATGC,LM0627,2000.0,4,5,37.5,2000
1_B7,2.0,0.6359216708709484,ATACTACGGTCTCAAGGAAGCGGTGGCAGCGAAGAGCGTCTGGCGGAGGAACGTCGCGAAGCCGCGGAAATTGCGCGTGCGATCCTGAAGCACCTGAAGGAGAAAGCGGAAAAATACCTGAAAGAAGGCGAATACGAAGAAGCGATTGAGTGGATGGAAGATATGGCGATTAATGTTGCCGCCGCCTTTGAACTGGCGGGCAGCCCGCTGGGTGAGGAGGTGCTGAAAAAAGGTGAAGAACTGGTGAAAGAGGCCAAAAAAAGCAAAGAAGAGCTGGAAAAGGCGTTTAAGGAGCTGATCGAGTTCGTGGAGAAGAAGATCGAAGAGTTAGAGGGCGGCAGCGGTTCCCGAGACCGTAATGC,LM0627,2000.0,4,5,37.5,2000
1_B8,2.0,0.9905193314759064,ATACTACGGTCTCAAGGAAGCGGTGGCGCGGTGGAATTAGCCGCGCAAATTGCGGCCGGTATTAGCCTGATGGCGGATCTGCCGCTGGAGGAAAGCAAAGAACGTGTTGAAGAAGCGGTGAAACTGGGCCGTGAAGGCGAGAAACGCGGCCTGAGTGCGGCGGAGGTGATTACGGAAGTGGCGTTACGTGGTGCCCGTCGTACCGGCAAGTATGATGAAGCGAAAGAACTGACCGTGTTTCTGCTGAAACAAGCGGGTGCGAGCGAAGAGGATATCAAAAAAGCCGTGGAAAAGCTGGAAGAGGCGAAGAAGGAAGCCGAAGCGGAAAAGGAGGCGGGTGGTAGCGGTTCCCGAGACCGTAATGC,LM0627,2000.0,4,5,37.5,2000
1_B9,2.0,1.5,ATACTACGGTCTCAAGGAAGTGGTGGCAGTGCGAAAAAACAGCAACTGCTGGAGGCGCTGCAGGAGGTGATTGATAAGATTAAGGAGGCGGTGAAAACCGGCAAGGAAGAAGATCGTAAAAAAGCGCTGGAAGCCGCCGATAAGTTACTGGACTTAGCGGTGGAAAATGGCGATATGAATACCGCGTTTGCCGCCGCGGCCATCCGTAAGGCCCTGGAAGATCCAGATATGGCGGCGGAATATACGGAAGTGGCCGTGCTGTTCCTGGAAAAGGCGGGCTTTCCGCAGGAACTGAAAGATGCGTTAAAAGAGGCCATTGCGGAGTACGTGGCGAGCCTGGGCGGCAGTGGTTCCCGAGACCGTAATGC,LM0627,2000.0,4,5,37.5,2000
1_B10,2.0,1.5,ATACTACGGTCTCAAGGAAGCGGTGGTGCGATGGAGGAACTGGAAAAGGAAGCGGACCGTCTGTGGGCGACCGGTGATCCGGGCAAGCAGCAAGCGGCGGCGTTATTCCTGTGGCGTGCGAGCCTGAGCGAAGATGAACGTAGCAAAGAAGTGCTGCTGCGTGCCGCGCGTGGCGTTGAAGAAGGCCCAGAAGTGATTTTAGAAGCGGCCCGTGAAGCCGTGGAGTTAGGTGATCTGGAAACCGCGGAAACCATTGCGTTTGCGCTGGACGTGCTGGGCTATGAAGAGGAGGCGCGTGAGGCCCGTCGTCTGCTGGAAGAAGCGCGTAAGGAACGTGAAGGTGGCAGCGGTTCCCGAGACCGTAATGC,LM0627,2000.0,4,5,37.5,2000
1_B11,2.0,1.5,ATACTACGGTCTCAAGGAAGCGGTGGCAGCGTGGAGGAGCAGATTGAAGAGGAACGCAAAAAAGCGGAAGAGCTGAAAGAAGATATTCGTAGCCTGGCGGAAAGCCTGGGCATGAGTGAAGAAGAAATCGAAGAACTGCTGCGTTTTGTGGACCTGGCGCTGGAGTACGGTATCGCCGTGCTGCGCGGTGATGAGAAAAAGATCGAGGAGCTGGAAAAGGAAATCAAGAAAATCCTGGAGGAAGGCAAAGGTCGCGATCTGCGCGCGATGGCCTTTCTGTTAAACAGCTATGGTAGTAAGGGTGGCGCGGAGGCGCTGAATCGTATTCTGGAACTGGAGGGCGGCAGCGGTTCCCGAGACCGTAATGC,LM0627,2000.0,4,5,37.5,2000
1_B12,2.0000000000000004,1.4999999999999998,ATACTACGGTCTCAAGGAAGTGGTGGCAGCGTTGAGGAAGAGATTGAGAAAGAACGCGAACGTACCGAAGAGTTCAAAGAAGATCTGAGTGCGCTGATGGATAGCCTGGGCCTGAGCGAAGAGGAAAAGGAGCGTCTGCTGTATTTTGCGGAACTGGCGCTGGAACTGTATGAAGCGGAGCTGAAAGGTGATGAGGAGAAGCTGAAGAAAAAGGAAGAAGAAATTAAAAAAATCGTTGAAGAAGGCCTGGAGCGTGAAGCGCGTGCGGTGGCGTTTCTGCTGGCGAGCTATGGCGCGAAAGGCGGCGAACTGCTGCTGAAAAAGATTGATGAAATCAAGGGCGGCAGTGGTTCCCGAGACCGTAATGC,LM0627,2000.0000000000005,4,5,37.5,2000
1_C1,2.0,1.5,ATACTACGGTCTCAAGGAAGTGGCGGTATGGAGGCGTTAAAAGAAGTGGAAGAAGCGGCGGAACTGGCGGCGAAAGAACTGGAGAAAGAAACCGGCGATAAGGAATTCGCGGAAGAGTTCAAAAAGAAAATGATTGAAGCCGCGAAAAAAGAGAAGGATGTGGATGTTCTGGACAAGATCCAAGCGATCTTCAGCATCACGTTCATGATTATCCTGACGAAAGACGAAAAGGATGAGGAAGAGCTGAAAAAAAGCATCGAAGATCTGGCGGAATACTTAAAAAGCCTGGGCAGCGAAGAATTTGCGAAACTGGCCGAGGAGGCGATTAAGAAGGTGCATGGCGGCAGCGGTTCCCGAGACCGTAATGC,LM0627,2000.0,4,5,37.5,2000
1_C2,2.0000000000000004,1.4999999999999998,ATACTACGGTCTCAAGGAAGCGGTGGCATGGAGGAGCTGAAACAACGCGCGGCCGAGTTATACGACGAGCTGCAAAAAATCATCGACGAACTGAAGAAAAAAACCGAGGGCAATGAAGAACTGCAGCGTAAACTGGATCGTGTGGAACAGGCGGGCATGCTGCTGGCCTATGTGGGTATGGAAGGCAACGAGGAAGAGGCGGAGGAAGCGATCCGTCGCCTGGAACGTCTGAAACGTATTGTGAAAGAAGCCCTGGAGGCGCCAGAAGAGGAAGTTCCGGAGCTGGCGGAGCGTGCGGAACGTGAGGCCGAAGAAGCGGAAGAGTGGGCCAAAAAACGCTTAGAGGGCGGCAGCGGTTCCCGAGACCGTAATGC,LM0627,2000.0000000000005,4,5,37.5,2000
1_C3,2.0,1.1701512514795187,ATACTACGGTCTCAAGGAAGCGGTGGCAGCCCACGTGATGAAGCGCGTAAAGCGCTGCTGGAAGAACTGGAGAAAGGTGAACCGGTGAGCGCGGGTCTGGTGCTGGCGAGCTTAGCGGCCATGGAAGGTCTGAGCCTGCAAGATGTGCTGGATATTCTGAAAGAAGTGAAAAAGGAGCATCCGGAATATGCGAAAGAAATGGATGTGTTTATTGCGGCGGCCGAACGTTTCATTGCCGCGGGTTTAAGCGTGACCAGCCTGGCGTATGCGTTTCAGGAAGCCCGTGTTGCCGGTGCCCCGGTGGAAGAGCTGCCGGCCATCGCCGACGAAGTGATTGCGCGTGAAGGCGGCAGTGGTTCCCGAGACCGTAATGC,LM0627,2000.0,4,5,37.5,2000
1_C4,2.0,1.5,ATACTACGGTCTCAAGGAAGTGGCGGTAATGTGGTGGATAAAACCGTGGAAGAACTGCTGAAACGTGCGGAAAAAGCGGAAGCGGAGGGTGATTATGATACCGCGACCTATGCCATTGCGATGGCGACCATGCTGCGTCTGGAGGCGGAACGCTATCCAGATATGAGCCCGGAAAAGAAGGCCAAAGCCGCGGAAATTGCGCTGGAGGGCACCAAAGAGGCCGAAAAACTGGGCAAAGAAGCCAAAAAAGCCGAAGAAGCGGGCGATTACGAGAAAGCGCGTAAACTGCGCAAAGAGATGGAGAAAAAAACCGAGGAGATGATGAAGAAAATGGAGGAAGTGGCGAAGGAAGGCGGCAGCGGTTCCCGAGACCGTAATGC,LM0627,2000.0,4,5,37.5,2000
1_C5,2.0,1.5,ATACTACGGTCTCAAGGAAGCGGTGGCGACGAACTGATTAAGAAGGCCGAAGAGGCGGCGAAGAAAGCCCGTGAAAAAGGCTTAGAATTAGCCGCGGACTATCTGGAAGCGGCCATTGCGCTGATCAAGAAAGGCGAGGAAACCGGCGATCTGGATAACTATGAATGGGCGGCGGCCGCGGTGCTGCTGGCGTATCATGAAGTGACCAAAGCCCCGTGGGAGGAAATTCAGAAAAAGTACGACGAGTTCCTGGAACGTCTGAAGGAGGCGGAGAAAGAAGGTAAAGAAAAGGCCAAAGAGGAAGCCATCAAATATCTGACCGAACTGGTGGAAGAGATTCTGAAAGCGCTGGGTGGCAGCGGTTCCCGAGACCGTAATGC,LM0627,2000.0,4,5,37.5,2000
1_C6,2.0,1.5,ATACTACGGTCTCAAGGAAGTGGTGGTGACGAACTGGAAAAACTGATGAAGGAGGCGGCGAAAAAGCTGAAAGAGGCGGGTAAAGAGGAAGCGGCCGAATATGTGGAAGCCGCGTTAGCGCTGTATAAGAAGGGCCGTGAAACGGGCGACCTGGACGCGTATGAATATGCCTATGCGGCGTTACTGTTAGCCTTAAAAGAATTAACCGGTGAACCGTGGGAAGAAGTGGAGAAACGCTACGAGGAGTTCTTAAAGGAACTGAAGGAAGCCCTGAAGAAAGGCAAGGAAGAGGCCATTAAAGCCGCCGAAAAGAAACTGAAAGAACTGGTTGAGGAAATTCTGAAAGCGGTGGGCGGCAGCGGTTCCCGAGACCGTAATGC,LM0627,2000.0,4,5,37.5,2000
1_C7,2.0,1.5,ATACTACGGTCTCAAGGAAGCGGTGGCGAGAAAAAGAAACTGATCGAAGAGACGAAAAAGCTGATTAAGGAAATTACGGAAGCCACGAAGAAAGCGGTGAAAGATCCGCTGGATAAAGAAGTGATTGAGAATATGGCGGAGTATCAACTGCAGGAAATCGAGGAAGCGGAAGGCAAAAGCCTGGAGGAAGTGAAGAAGACCAGCGTGTTTGCGCTGAGCGTGGTGGGCGAACAAGCGGCCCTGCTGTTAGGTAAAGATGAACTGGCCAAACGCTTTTATGAGGCGGAAAAAAGCGGCGATCTGGAAAAGGTGAAGGAGCTGGCGAAAGAGTTACTGGAACTGCTGAAAAAGGGCGGCAGCGGTTCCCGAGACCGTAATGC,LM0627,2000.0,4,5,37.5,2000
1_C8,2.0,1.5,ATACTACGGTCTCAAGGAAGTGGCGGCGAGGCGGAGGAAATCATCGAGGAAACCAAGAAACTGATTGAGGAGCTGGTGAAAGAAGCCAAAAAAGTGCTGAAAGACGAAAATGATAAGGAGGTGCTGGAAGCCCTGGCGGAAATGCAGTTAAAAGATCTGGACGAGGCCAAAGGCAAAAGCCTGGAAGAAGTGAAAAAAACCGCGACCGAGGCGCTGGCCACCGTGGTGGAACAAGTGGCGCTGTTACTGGGTTGGGAAGAATTAGCCGAAAAGGCCTATGAAGCCTATAAAGAAGGCGACCTGGAAAAAGCGAAAAAACTGGCCGAGGAGATTCTGAAGGAACTGAAGAAAGGCGGCAGCGGTTCCCGAGACCGTAATGC,LM0627,2000.0,4,5,37.5,2000
1_C9,2.0,1.5,ATACTACGGTCTCAAGGAAGTGGTGGTAGCATGGAAGACGAAGTTGCGGCCGCGGTGGCGCGTCTGGAAGCGCGTGGCTGGAAAGAAGCCGCCGCGAAGCTGCGTGAACTGGCGGCGAAGGCGAACGACTGGGGCGTTGCCGCGCTGCTGCTGGCGGTTGATGCGATGATCAAAGCGGCGGAAGCGGAGACGGAGGAAATGCGTAAACAGAACATTAAACAAGCCGCGGAGTATGCGGATGTGGCCGTTGTGCTGAGTGGCCTGCCGCGTGAGGAGGTGGAGGAACTGCTGTTACTGTTAGCGAAAGCCATTGGCGAGGAAGCCGAAGAATTTGCCCGTAAGTTACTGGAAGAGCTGGGCGGCAGTGGTTCCCGAGACCGTAATGC,LM0627,2000.0,4,5,37.5,2000
1_C10,2.0,1.5,ATACTACGGTCTCAAGGAAGCGGTGGTGAGGTGAAAAAGAAACTGGAGGAAGCGCTGAAATTAGTGAAAGAAGCCAAAAAGCTGGTTGAGGAGGCCATTAAGCTGGCCAAGGAAGGCGCCGAGAAGGAGGAAATTAAGAAGAAGCTGGAAGAGGCGAAGAAAAAAGCCGAAAAGGCCAAAGAGCTGTTAGAAGAGATTGGCACGGATAGCGCCCTGTTTGCCGCGGCGGCGGTGGAGCTGGCGATTAAAGAAATTGAAGCCGCGTTAAAGGCCGAGGAAAAGGAAACCATCATTAAACTGCTGAAACAGGCGAAAGAATATCTGGAAGCGGCGATTGCGATTCTGGAAAATGAACTGAAGAAAGGCGGCAGCGGTTCCCGAGACCGTAATGC,LM0627,2000.0,4,5,37.5,2000
1_C11,2.0000000000000004,0.5894757179344159,ATACTACGGTCTCAAGGAAGTGGCGGCAGTCGCGAGGAACGTGCCGAACGTATTCGTGAGGCGGGTGAACGTGGTATTGAAGCGTTAAAAGAAACCCTGGAGGAACTGATTGCGGAGGAAGAAGATAGCACCCTGGCCTTTGCGTATGCGGCCATTCTGCGTGCGCTGGAAGACCCGGATTTAGCGGAAGAATACGCGGCGATTGCGCAGACGTTTCTGGTGCAAGCGGGCGTGCCGGAAGATCGCGCGGAACGCGTGCGTGATCTGCTGTTACGTGCGGTTGCGGCGGCGCAAACCGATCCAGAAGAAGCCCTGGTTGCGACCCGTGAACTGGCGGAGGCGTTAGCCGAGATTATTCTGGCCGGTGGCAGTGGTTCCCGAGACCGTAATGC,LM0627,2000.0000000000005,4,5,37.5,2000
1_C12,2.0,1.5,ATACTACGGTCTCAAGGAAGCGGTGGCAGCCATGAAAATGAATTTATGGAACGTGCGGTGAAACTGGCCGAAGAGTTAGAAAAAAAGGGCCGTACCAAAACCGCGCGTGCCGTGGAATATGGCGCCTTCTATCTGGTGCTGAGTGGCGCGGACGAAGAGACGCTGGAGCGTGCCTTACGTCTGTTTGAAGAAATTGTGCGTCGTGGCGAAGAAGAAGGCTGGCCGGAAGAACGTGTGGCGGCGTTAATTGCGCTGGTGAGTGCCCTGCTGCTGGGCGATGAGGAAAGCGGCCGTGATCTGGCGCGCTTTGTGGCCGGTGTGAATGAGGAGGAACTGGAACGCCTGCTGAAAGAAGCGAAAGAATTACTGGGCGGCAGTGGTTCCCGAGACCGTAATGC,LM0627,2000.0,4,5,37.5,2000
1_D1,2.0,0.6890518038853872,ATACTACGGTCTCAAGGAAGCGGTGGCATGGAAGAAGAGGAAGAGGCGCGTGAGGCCGCGGGTGAGGCGACCTTAGCCCTGATTCTGAGCCAGGAAGCCGACGAGGAGGGCAAAAAAGAAGAACGTGAGCGCCTGAAAGAAGCGGCCGAGCGTGTGCTGCGTGCGGCGGAACGTAGCGAGGGCAGCGAAGAAGTGTTTGAGTATGCGGAAATTGTGGCGCTGTTTGCCATTGAGATGGGCGATGAAGAAGCCGCCGAAATCGCGCTGGAAGCGCTGCGTCTGCTGGCGGAAAAACACCCAAATAAGGAGGAGGTGCAAAAACGTATTGAACGCTTAGAGGAGGAACTGGAACGCGCGAAAAAGGAACGTGGCGGCAGCGGTTCCCGAGACCGTAATGC,LM0627,2000.0,4,5,37.5,2000
1_D2,2.0,1.5,ATACTACGGTCTCAAGGAAGCGGTGGCATGCGTGAAGTGTTAGAAGAAGTTGCGGAGATTATTGTGGAAGCGGGCGAAAATGGCGGCACGGCCGCGGCGGAGTATCTGGAAAGCCGTGGCCTGACCGATGAAGCGGTTGCGGTGCGTCTGGCGTATGATGCGATGGCCGAAGCGAAAACCCTGGAGGAAGCCGCGGAAAATGCGAAGACCGTGGCGGATATTTTCCTGAGCTTTGGCGAAGAACGCTTAGCGGCCGCCGCCTATGCGGCCGGTGCGGGTCGTCTGCGTTATCTGGGCAAAGAGACGGGCAAGGAAGAAGAGGCGGAGAAGATCGCCAAGGAATTCAAAGAAAAGATGGAGAAGCTGCTGAAAGGCGGCAGCGGTTCCCGAGACCGTAATGC,LM0627,2000.0,4,5,37.5,2000
1_D3,2.0,1.5,ATACTACGGTCTCAAGGAAGTGGCGGCGTGCGTGAGGAGGCGCGTAAACGTATTCGTGAAACCGCGGAGCGTTTAGCGGCCGAGAGCAGCCCGGAAGTGGCCGAGGTGATTCGTTTTATGGCGGATAAACTGGTGAGCAGCAAAGACCCGGGCTTAGCCGCGGAAGAAGCCGCCGCGACGGCGGTGTTTGCGTATAGTCTGAGTGATCCGGAGGAAGCCGAGCAAATTCGTCGTGCGTATCGTGAACTGATGGAAGTGTTTCGCGAGGGCCAGAAAGCGTATGCCGAGGAAGACCCAGAAAAGGGCGAAAAAGCGCTGGAAGAAATCGAGGCCGAAGAGGAATGGGCGGAAAAACAGTTTGAGGAAATTGACAAAGGCGGCAGCGGTTCCCGAGACCGTAATGC,LM0627,2000.0,4,5,37.5,2000
1_D4,2.0,1.5,ATACTACGGTCTCAAGGAAGTGGCGGCAGCAAAGAAGAGAAACTGGAAGAAATTCGTAAACTGGCGGAAGAAGGCATTAAAGCCGTTGAAGAGGATGTGGAGAAAGGCCCGGAATACCTGGAAAAAATCCTGAAACTGTATCTGGATGCGGGCTGGGATAACGAAGCGTATGCGGTTGCGGCGATGTGGCTGGCCGTGAAAGCGGAAAAAGATCCGGAACTGCGTAAGGAATTAGCGTTAAAAGCGTTTGAGGCGGTTAAGAAAGCGAAAACCGATCGCGAGGAGGCCATTGAGATCTTAAAAGAGGCGAAAGAAAAAGCCGAGAAGGCGGGTAATGAATATGCGGCCGATCATCTGGACGCCGCGATTGCGTTTCTGGAGGGCGGTAGCGGTTCCCGAGACCGTAATGC,LM0627,2000.0,4,5,37.5,2000
1_D5,2.0,1.5,ATACTACGGTCTCAAGGAAGCGGTGGTAGCGAACTGGTGAAGAAACTGATTAAGGCCCTGGAGGAGGCCGCGAAGAAAGCCAAGGAAAATGGCAATGAAGAAGCGGCGGAATACTATGAGATCGCGGCGACCTTTATGAAAGAATATGATAAGACCGGCAGCCGTGATAATCTGCTGTGGAGCATTGCCGCGGCGGCGATTGCGGCCAAGTTAGATCCGAGCCTGAAGGAACTGGATACGAAGATCCTGGACCTGATCATCGAAATTCTGGAGAGCTATCCGGAACTGCGTCCAGCCGCCGAAACCATGCGTGCGACCCTGGCGAAAACCGGTGATGTTGCGGCGGCCTTAGAAGCCGCGTTAGACACGATGGTGGAAATTGAAAAAGGTGGCAGCGGTTCCCGAGACCGTAATGC,LM0627,2000.0,4,5,37.5,2000
1_D6,2.0,1.5,ATACTACGGTCTCAAGGAAGCGGTGGCGACGAGGTGGAGAAAATTCTGAAAGAAGCGCGTGAAAAAGCGGTGAAACATTTAAAGGAACTGGGCTTAGAGCGTGAAGCCGCCCGTGCGGAGGAACGTTTTGATATTGCGCTGAGCTTTAATCCGAGCCTGGAGGCGGCGAAAAAGATCGCCGAAGCCGTTGATCTGGCGCTGGAAGGCGTGACCCTGCTGTGGGAAGGTAAGGATGAAAAGGAAGCGGAAAAGCTGTTTGAGGAAGCCAAGAAGATTCTGGAAGAAGTGATTAAGAGCGGCAACGATAATGATGCCTTTGCGGCCGCCGCGATTCTGATGTTTATTGAAGAGCTGAAGGAGGCCGTGAAACGCAAAAAAGAAGAAGAGGGCGGTAGCGGTTCCCGAGACCGTAATGC,LM0627,2000.0,4,5,37.5,2000
1_D7,2.0,0.23339506011150712,ATACTACGGTCTCAAGGAAGCGGCGGTATGAGTCCGCTGAAAAAACTGGCGGACGCGGTGGTGAAAGCGACCGAAAAAGTTGCCAAGGAAATTGAAGAACTGAGCCCGAAACTGGGCCCGTATGCGAAAGATCTGCTGGAAGTGGCCAAAGCGTTTGCGGAACAGGGCACCGAAGATGCGCTGGATTATGCGGTTGCCGCCCTGCACCTGCTGCTGCGTGAGCTGGCGCGTCTGAAACCGGAAAAAGAAGTGTATAAAGCGCTGGCGGCCCTGAGCGAACTGTATCTGAAAGGCGAACATAAAGAAGAATTCCTGGAAGCGTTAGAGGCCTTCAATGCGGGCGATGAAGAAAAAGCGAAAGCCATCGCCGAAAAGGCGTTAGCGGAAGGCGGTAGCGGTTCCCGAGACCGTAATGC,LM0627,2000.0,4,5,37.5,2000
1_D8,2.0,1.5,ATACTACGGTCTCAAGGAAGCGGTGGCATGGAGAAGCTGCGCGAAGCGGCCGAGGCCGCGGTTAAAGCCGCGGAGAAAATGGCCAAAGACATTGCGAAAAAAGATAAGAAAGCGGGCGAGACGGCGAAGGATTATGCGGAAGCCGCCAAAGCGCTGCTGAAGGATAAGAGCGAAATGGGCTACTTATTCGCCTTAGCCGCCGCCTTAAAAGTGGCCGAAACCGCCGCGACCGCGTTCCCGGAGGACAAGAAATACCATGCGGCGGCCGTTGCCCTGGAGGCGGCCTTAGAAGGCAAACAGCTGGAACTGGCGACCCAGGCGTTTAAAGCGTTAGTGGCGGGCAAAGATGAAGAAGCGATTGCGCTGGCGGAAAAAATCAAAAAGGAGGGCGGCAGCGGTTCCCGAGACCGTAATGC,LM0627,2000.0,4,5,37.5,2000
1_D9,2.0,1.5,ATACTACGGTCTCAAGGAAGCGGCGGTAGCATCGAAGAAAAAACCCGTAAAGCGATTGAGCTGGCCAAAGAAGGCAAATACGAAGAAGCCGAGAAAATTGTGAAAGAGCTGGAAAAAGGCGATGATAAAGGCATTTTTGCGGCGATGGCGGTGGAAGCGTATATGGGTGCGCTGAAAGATCCAGAATGGGCGGATCGTTATTTTGATCAGGCGGCGACCTATCTGCGTTGGGCGGGTCTGGAAGAACTGGCGGAAGAAGTGGAAAAGGAACGCGAGGAACGTGGCGGCAGTGGTTCCCGAGACCGTAATGC,LM0627,2000.0,4,5,37.5,2000
1_D10,2.0,1.1909132577338408,ATACTACGGTCTCAAGGAAGCGGTGGTAGCCCACTGGAAAAGACCAAGGAAGCGCTGGAGCGTCTGAAGGAAGTGGAAACCGAAGAGGAACTGGAAGAACTGCGTGAAGAAATGCTGGAAAGCGGCATTCCGAGCCTGGGTGTTGCCGCCGCGGTGTTAAAACTGGGCGACCGCGAAGCGGCCCTGCGTGTTCTGGAAATTGGCGCGGAAGCGTTAGAATTAGGCAAAGAAGAAGTGATTAGCGTGCTGGCGTATTATGTGCAGAAAGCCCTGGAAGCGAAACGTAAAGGCAAGGAGGAAGAGGCGAAAGAGTTACTGGAGAAAGGCATTAAGGAGGCGGAAGAGCTGCTGAAAAAGGCCAAGGGCGGTAGTGGTTCCCGAGACCGTAATGC,LM0627,2000.0,4,5,37.5,2000
1_D11,2.0,1.5,ATACTACGGTCTCAAGGAAGCGGTGGCAGTCTGGCGGAACTGCAGGCGAAACTGGCCCGTGCGGAAGCCGAGCTGGAGGCCGCGAAAAAAGCGGGCGACGCGATGGGTGCCATTGCCTGGTTAGCGGTGATGGGCATTTTAGGCATTGAAATTAGCAAAGAAGATCCGAATCTGGGTAGCTTAGTGCTGTATCGTGTTCGCAAACGTGCCGAGGAGCTGGCCAAGAAATTCGGCAAAGAGGAACTGGTGAATAAAGCGCTGCTGGCGGTGGGCCGTGCGTGGGCGGAAGGCTGGAGCCCGGAGGAAGCGATTGAACTGTTAGAAGAAGTGACCGGCGATCCGGAATTAGCGGAGCGTGTGCGTGAGTTACTGGAGAGCTTAGGCGGCAGTGGTTCCCGAGACCGTAATGC,LM0627,2000.0,4,5,37.5,2000
1_D12,2.0,0.16686562532234953,ATACTACGGTCTCAAGGAAGCGGTGGCAAAGAGGAGGAGAAATTAGAGGAAAAAGCCACCAGCTTAGCGTTTCAGGCGGCCAGCGATGTGTTAGAAGAGGCCTATAAAGCGGGCCTGCCGTGGAGCCGTGCGATGGAACTGGCCGAGAAGGCGGTGAAGAAAGTGGAAGAAGCGCTGAAAAAGGCGAAGAAACTGCTGGAGGAAGGTAAAGAAGAAGAGGCGTTCAAATATCTGGAAGAGGAAGCGCGTAAAGCCGCCGAAGAACTGATCAAGGAGGCGAAAAAAGAAGCCGGTGGTAGCGGTTCCCGAGACCGTAATGC,LM0627,2000.0,4,5,37.5,2000
